"1","设置昵称j7","李洋[中国航天科工集团有限公司纪检监察组组长、党组成员]","2024-04-09 17:41"
"2","喵星人的小屋","李洋[中国航天科工集团有限公司纪检监察组组长、党组成员]","2024-04-01 18:07"
"3","万古昌清","李洋[中国航天科工集团有限公司纪检监察组组长、党组成员]","2024-04-01 17:57"
"4","Good丶Hao","李洋[中国航天科工集团有限公司纪检监察组组长、党组成员]","2021-12-05 21:36"
"5","只想拜佛早回转","李洋[中国航天科工集团有限公司纪检监察组组长、党组成员]","2020-04-06 21:07"
"6","谁抢了我ID345","李洋[中国航天科工集团有限公司纪检监察组组长、党组成员]","2020-03-14 14:36"
"7","谁抢了我ID345","李洋[中国航天科工集团有限公司纪检监察组组长、党组成员]","2020-03-13 17:48"
"8","w_ou","李洋[中国航天科工集团有限公司纪检监察组组长、党组成员]","2018-08-15 13:10"
"9","J一点一点","李洋[中国航天科工集团有限公司纪检监察组组长、党组成员]","2016-09-15 15:37"
"10","bjtxdj","李洋[中国航天科工集团有限公司纪检监察组组长、党组成员]","2016-01-13 12:28"
"11","想你时心会痛i","李洋[中国航天科工集团有限公司纪检监察组组长、党组成员]","2014-10-30 11:12"
"12","香港小股神","李洋[中国航天科工集团有限公司纪检监察组组长、党组成员]","2014-04-13 15:29"
"13","baichao0627","李洋[中国内地男演员]","2024-05-17 15:11"
"14","蔡文姬本姬","李洋[中国内地男演员]","2024-03-21 16:48"
"15","阿妧云","李洋[中国内地男演员]","2024-01-26 20:50"
"16","小小糖甜甜的","李洋[中国内地男演员]","2023-10-29 21:35"
"17","笔墨妙自然","李洋[中国内地男演员]","2023-10-16 10:01"
"18","18九九归一","李洋[中国内地男演员]","2023-07-15 13:07"
"19","天够真无鞋","李洋[中国内地男演员]","2023-07-04 16:57"
"20","飞熊李李","李洋[中国内地男演员]","2023-02-18 14:05"
"21","费德白客","李洋[中国内地男演员]","2023-02-11 22:25"
"22","飞熊李李","李洋[中国内地男演员]","2022-10-24 11:14"
"23","Clark宿命","李洋[中国内地男演员]","2022-04-15 09:51"
"24","江东231","李洋[中国内地男演员]","2021-12-08 10:30"
"25","BB7778ok","李洋[中国内地男演员]","2021-08-19 21:57"
"26","川川916","李洋[中国内地男演员]","2021-07-23 15:02"
"27","路肩菌","李洋[中国内地男演员]","2021-06-29 01:06"
"28","ndhxbird512903","李洋[中国内地男演员]","2021-06-09 19:40"
"29","象和魄","李洋[中国内地男演员]","2021-06-06 10:29"
"30","165******94","李洋[中国内地男演员]","2021-06-01 21:51"
"31","只是一个笑话06","李洋[中国内地男演员]","2021-06-01 12:22"
"32","只是一个笑话06","李洋[中国内地男演员]","2021-05-24 08:35"
"33","N5GXG4K2pOBq","李洋[中国内地男演员]","2021-05-20 10:28"
"34","百科用户yTR4Ze","李洋[中国内地男演员]","2021-05-13 16:28"
"35","百科用户W3IDTq","李洋[中国内地男演员]","2021-05-09 20:00"
"36","别无恙9","李洋[中国内地男演员]","2021-05-05 08:54"
"37","百度用户#1035556663","李洋[中国内地男演员]","2021-05-02 08:59"
"38","Alfredo7753","李洋[北京大学艺术学院副院长]","2024-06-07 13:39"
"39","z3yang3","李洋[北京大学艺术学院副院长]","2023-01-07 00:24"
"40","B1T111","李洋[北京大学艺术学院副院长]","2022-03-06 14:00"
"41","CHN_2023","李洋[北京大学艺术学院副院长]","2022-02-14 13:43"
"42","closeIdo","李洋[北京大学艺术学院副院长]","2022-01-24 18:32"
"43","w_ou","李洋[北京大学艺术学院副院长]","2021-07-09 23:09"
"44","ndhxbird512903","李洋[北京大学艺术学院副院长]","2021-06-09 19:41"
"45","w_ou","李洋[北京大学艺术学院副院长]","2021-01-28 10:02"
"46","xdihvtriblp","李洋[北京大学艺术学院副院长]","2020-10-11 20:31"
"47","落凤林","李洋[北京大学艺术学院副院长]","2020-07-12 09:48"
"48","冷魄year","李洋[北京大学艺术学院副院长]","2019-12-15 13:35"
"49","1校当家","李洋[北京大学艺术学院副院长]","2019-12-03 17:10"
"50","卡不提诺04","李洋[北京大学艺术学院副院长]","2019-09-26 09:18"
"51","百科用户7Rv3iV","李洋[北京大学艺术学院副院长]","2018-11-24 15:28"
"52","百科用户d4zzvN","李洋[北京大学艺术学院副院长]","2018-09-03 15:21"
"53","许嵩萌内","李洋[北京大学艺术学院副院长]","2018-08-30 20:36"
"54","美少女阿year","李洋[北京大学艺术学院副院长]","2017-11-25 22:59"
"55","美少女阿year","李洋[北京大学艺术学院副院长]","2017-11-24 23:49"
"56","美少女阿year","李洋[北京大学艺术学院副院长]","2017-11-18 01:13"
"57","轩辕七杀12","李洋[北京大学艺术学院副院长]","2017-10-17 15:15"
"58","百科用户qNvXRS","李洋[北京大学艺术学院副院长]","2016-09-27 19:23"
"59","观上海","李洋[北京大学艺术学院副院长]","2015-10-20 16:20"
"60","wgy531","李洋[北京大学艺术学院副院长]","2015-09-13 12:32"
"61","雷虎的平方","李洋[北京大学艺术学院副院长]","2015-06-23 23:59"
"62","张升伟123456","李洋[北京大学艺术学院副院长]","2014-11-08 08:02"
"63","君伟junwei521","李洋[天津市青年京剧团女演员]","2023-02-26 17:27"
"64","阳光的阿尔巴斯","李洋[天津市青年京剧团女演员]","2022-08-11 12:30"
"65","de...2@163.com","李洋[天津市青年京剧团女演员]","2021-12-11 18:21"
"66","那边的远海","李洋[天津市青年京剧团女演员]","2021-11-23 10:30"
"67","一碗加糖饭","李洋[天津市青年京剧团女演员]","2021-07-26 20:09"
"68","mary200366","李洋[天津市青年京剧团女演员]","2021-07-26 16:58"
"69","桃子q123","李洋[天津市青年京剧团女演员]","2021-07-25 12:59"
"70","取个名我好无奈","李洋[天津市青年京剧团女演员]","2021-07-14 15:29"
"71","ndhxbird512903","李洋[天津市青年京剧团女演员]","2021-06-09 19:41"
"72","ouyang927112","李洋[天津市青年京剧团女演员]","2021-05-29 20:48"
"73","w_ou","李洋[天津市青年京剧团女演员]","2021-01-29 03:23"
"74","嚭彬蔚","李洋[天津市青年京剧团女演员]","2020-11-22 10:58"
"75","思彤之恋","李洋[天津市青年京剧团女演员]","2020-11-16 19:23"
"76","1校当家","李洋[天津市青年京剧团女演员]","2020-04-06 10:46"
"77","1校当家","李洋[天津市青年京剧团女演员]","2020-04-03 11:06"
"78","话梅不二家","李洋[天津市青年京剧团女演员]","2020-03-30 15:05"
"79","w_ou","李洋[天津市青年京剧团女演员]","2018-07-03 18:58"
"80","埊山謙","李洋[天津市青年京剧团女演员]","2018-06-21 14:47"
"81","埊山謙","李洋[天津市青年京剧团女演员]","2018-06-21 10:42"
"82","24680zpzyh","李洋[天津市青年京剧团女演员]","2016-03-20 00:09"
"83","午夜DJJJJJ","李洋[天津市青年京剧团女演员]","2015-08-02 20:29"
"84","188******96","李洋[天津市青年京剧团女演员]","2014-10-28 10:41"
"85","w_ou","李洋[天津市青年京剧团女演员]","2012-12-20 01:17"
"86","w_ou","李洋[天津市青年京剧团女演员]","2012-06-26 02:17"
"87","小小少年甲","李洋[天津市青年京剧团女演员]","2011-11-06 00:21"
"88","peihaizhan","李洋[著名影视评论家，学者，策划人，制作人]","2023-05-04 17:22"
"89","百度用户#08120964780132","李洋[著名影视评论家，学者，策划人，制作人]","2023-03-25 09:33"
"90","孙悟空变的苍蝇","李洋[著名影视评论家，学者，策划人，制作人]","2021-06-29 20:58"
"91","ndhxbird512903","李洋[著名影视评论家，学者，策划人，制作人]","2021-06-09 19:43"
"92","w_ou","李洋[著名影视评论家，学者，策划人，制作人]","2021-01-28 20:16"
"93","山有木兮0909","李洋[著名影视评论家，学者，策划人，制作人]","2020-04-12 08:30"
"94","叶落花清风","李洋[著名影视评论家，学者，策划人，制作人]","2020-02-27 07:57"
"95","晓舞490","李洋[著名影视评论家，学者，策划人，制作人]","2019-10-26 21:14"
"96","咭叽","李洋[著名影视评论家，学者，策划人，制作人]","2018-01-11 15:35"
"97","咭叽","李洋[著名影视评论家，学者，策划人，制作人]","2018-01-11 15:14"
"98","咭叽","李洋[著名影视评论家，学者，策划人，制作人]","2015-01-24 22:10"
"99","小宝本色","李洋[著名影视评论家，学者，策划人，制作人]","2014-10-31 13:00"
"100","763374993","李洋[著名影视评论家，学者，策划人，制作人]","2013-11-10 21:16"
"101","_leeweidong_","李洋[著名影视评论家，学者，策划人，制作人]","2011-05-05 23:13"
"102","1颗梅干","李洋[沈阳工业大学辽阳校区基础部体育教研室教师]","2021-11-09 22:23"
"103","ndhxbird512903","李洋[沈阳工业大学辽阳校区基础部体育教研室教师]","2021-06-09 19:42"
"104","N5GXG4K2pOBq","李洋[沈阳工业大学辽阳校区基础部体育教研室教师]","2021-05-20 10:30"
"105","南郭某某","李洋[沈阳工业大学辽阳校区基础部体育教研室教师]","2019-12-14 08:05"
"106","美少女阿year","李洋[沈阳工业大学辽阳校区基础部体育教研室教师]","2017-11-26 12:45"
"107","1310091221","李洋[沈阳工业大学辽阳校区基础部体育教研室教师]","2015-07-19 16:39"
"108","a5690800","李洋[沈阳工业大学辽阳校区基础部体育教研室教师]","2014-10-30 15:30"
"109","w_ou","李洋[沈阳工业大学辽阳校区基础部体育教研室教师]","2012-12-20 01:17"
"110","weqgokm","李洋[沈阳工业大学辽阳校区基础部体育教研室教师]","2012-11-05 19:40"
"111","alougoodluck","李洋[沈阳工业大学辽阳校区基础部体育教研室教师]","2012-06-28 17:45"
"112","ricky_Hestar","李洋[云南省迪庆藏族自治州党委常委、组织部长]","2023-07-09 19:43"
"113","百科用户fIjNg3","李洋[云南省迪庆藏族自治州党委常委、组织部长]","2023-05-07 22:44"
"114","王远江0857","李洋[云南省迪庆藏族自治州党委常委、组织部长]","2023-04-26 18:09"
"115","ziyuan363","李洋[云南省迪庆藏族自治州党委常委、组织部长]","2023-04-26 15:54"
"116","嗷嗷嗷啊时代","李洋[云南省迪庆藏族自治州党委常委、组织部长]","2023-02-20 10:45"
"117","closeIdo","李洋[云南省迪庆藏族自治州党委常委、组织部长]","2023-02-20 08:45"
"118","wangwj0220","李洋[云南省迪庆藏族自治州党委常委、组织部长]","2022-03-24 18:55"
"119","wz发哥12315","李洋[云南省迪庆藏族自治州党委常委、组织部长]","2022-02-18 12:30"
"120","聂媳窗票倩跃","李洋[云南省迪庆藏族自治州党委常委、组织部长]","2021-12-13 13:23"
"121","放开ie","李洋[云南省迪庆藏族自治州党委常委、组织部长]","2021-09-28 15:47"
"122","edgar293025016","李洋[云南省迪庆藏族自治州党委常委、组织部长]","2021-05-20 11:33"
"123","香港小股神","李洋[云南省迪庆藏族自治州党委常委、组织部长]","2021-05-14 14:00"
"124","gfh866001","李洋[云南省迪庆藏族自治州党委常委、组织部长]","2020-10-29 12:53"
"125","江男江男","李洋[云南省迪庆藏族自治州党委常委、组织部长]","2020-09-05 12:02"
"126","不該有的結局","李洋[云南省迪庆藏族自治州党委常委、组织部长]","2020-07-22 17:51"
"127","幸运的小路888","李洋[云南省迪庆藏族自治州党委常委、组织部长]","2020-04-15 13:17"
"128","雷蛇汉斯布鲁","李洋[云南省迪庆藏族自治州党委常委、组织部长]","2020-03-30 15:30"
"129","南郭某某","李洋[云南省迪庆藏族自治州党委常委、组织部长]","2020-02-10 18:40"
"130","清溪浣纱若当年","李洋[云南省迪庆藏族自治州党委常委、组织部长]","2018-05-23 09:17"
"131","百科ROBOT","李洋[云南省迪庆藏族自治州党委常委、组织部长]","2015-07-10 02:33"
"132","百科ROBOT","李洋[云南省迪庆藏族自治州党委常委、组织部长]","2015-06-30 00:50"
"133","后生后浪","李洋[云南省迪庆藏族自治州党委常委、组织部长]","2015-06-06 14:41"
"134","小祈00018180","李洋[云南省迪庆藏族自治州党委常委、组织部长]","2015-04-04 13:39"
"135","truemo","李洋[云南省迪庆藏族自治州党委常委、组织部长]","2014-12-18 22:45"
"136","老胥头","李洋[云南省迪庆藏族自治州党委常委、组织部长]","2012-10-08 07:58"
"137","君伟junwei521","李洋[重庆医科大学肛肠外科教授]","2023-02-08 08:07"
"138","热血青年iod","李洋[重庆医科大学肛肠外科教授]","2021-12-05 16:17"
"139","美好明天2525","李洋[重庆医科大学肛肠外科教授]","2021-12-02 16:07"
"140","ndhxbird512903","李洋[重庆医科大学肛肠外科教授]","2021-06-09 19:43"
"141","w_ou","李洋[重庆医科大学肛肠外科教授]","2021-04-01 10:12"
"142","嚭彬蔚","李洋[重庆医科大学肛肠外科教授]","2020-11-22 10:58"
"143","漫舞华夏","李洋[重庆医科大学肛肠外科教授]","2020-02-27 12:35"
"144","和自己喝酒","李洋[重庆医科大学肛肠外科教授]","2016-12-14 09:34"
"145","轻薄少年ren","李洋[重庆医科大学肛肠外科教授]","2016-04-12 21:25"
"146","雷虎的平方","李洋[重庆医科大学肛肠外科教授]","2015-06-24 00:01"
"147","夏天4fY填","李洋[重庆医科大学肛肠外科教授]","2015-03-25 07:55"
"148","Casual的星星","李洋[重庆医科大学肛肠外科教授]","2014-10-30 20:38"
"149","bschoolk","李洋[重庆医科大学肛肠外科教授]","2013-05-04 09:07"
"150","666371s","李洋[中国台北羽毛球运动员]","2024-05-28 18:24"
"151","luohong9274","李洋[中国台北羽毛球运动员]","2024-05-06 08:16"
"152","耐撕11","李洋[中国台北羽毛球运动员]","2023-11-12 15:18"
"153","xcmaskma","李洋[中国台北羽毛球运动员]","2023-11-06 08:28"
"154","closeIdo","李洋[中国台北羽毛球运动员]","2023-10-06 14:02"
"155","南方行使","李洋[中国台北羽毛球运动员]","2023-10-03 20:24"
"156","商务BAR","李洋[中国台北羽毛球运动员]","2023-09-27 08:35"
"157","娀窟","李洋[中国台北羽毛球运动员]","2023-09-21 14:03"
"158","爱吃猪脚饭的我","李洋[中国台北羽毛球运动员]","2023-08-21 22:26"
"159","王远江0857","李洋[中国台北羽毛球运动员]","2023-07-30 12:24"
"160","百科用户vg2q0Q","李洋[中国台北羽毛球运动员]","2023-05-19 16:03"
"161","双鱼还说啥","李洋[中国台北羽毛球运动员]","2023-05-03 15:04"
"162","耐撕11","李洋[中国台北羽毛球运动员]","2023-05-01 10:33"
"163","王家小赞","李洋[中国台北羽毛球运动员]","2023-04-25 15:32"
"164","王家小赞","李洋[中国台北羽毛球运动员]","2023-04-07 11:07"
"165","混子且快乐","李洋[中国台北羽毛球运动员]","2023-01-20 20:37"
"166","屏峰山下人","李洋[中国台北羽毛球运动员]","2023-01-12 19:18"
"167","国服关羽上将","李洋[中国台北羽毛球运动员]","2022-11-27 17:21"
"168","权力的探索者","李洋[中国台北羽毛球运动员]","2022-11-18 18:57"
"169","只宠迩一人","李洋[中国台北羽毛球运动员]","2022-10-03 21:20"
"170","星月夜777","李洋[中国台北羽毛球运动员]","2022-08-16 10:13"
"171","和蔼的星辰_","李洋[中国台北羽毛球运动员]","2022-07-25 14:19"
"172","耐撕11","李洋[中国台北羽毛球运动员]","2022-07-14 20:11"
"173","沐之啨myth","李洋[中国台北羽毛球运动员]","2021-12-03 19:49"
"174","closeIdo","李洋[中国台北羽毛球运动员]","2021-07-31 21:47"
"175","爱吃大米emo","李洋[北京师范大学珠海分校管理学院团委书记]","2021-12-31 22:19"
"176","ndhxbird512903","李洋[北京师范大学珠海分校管理学院团委书记]","2021-06-09 19:43"
"177","w_ou","李洋[北京师范大学珠海分校管理学院团委书记]","2021-01-29 19:22"
"178","长衫赵纸龙","李洋[北京师范大学珠海分校管理学院团委书记]","2020-05-12 18:12"
"179","ji...a@yeah.net","李洋[北京师范大学珠海分校管理学院团委书记]","2020-03-13 10:31"
"180","young普","李洋[北京师范大学珠海分校管理学院团委书记]","2014-12-30 19:05"
"181","c6g","李洋[北京师范大学珠海分校管理学院团委书记]","2013-12-22 13:28"
"182","城_time","李洋[北京交通台主持人]","2021-10-06 19:28"
"183","ndhxbird512903","李洋[北京交通台主持人]","2021-06-09 19:44"
"184","w_ou","李洋[北京交通台主持人]","2021-02-01 18:24"
"185","狐仙说历史","李洋[北京交通台主持人]","2020-05-04 08:06"
"186","小劈腿丶","李洋[北京交通台主持人]","2019-12-04 13:31"
"187","跑酷加油176","李洋[北京交通台主持人]","2014-12-21 21:14"
"188","peishaopeng1","李洋[北京交通台主持人]","2013-12-07 01:40"
"189","_leeweidong_","李洋[北京交通台主持人]","2011-05-05 23:13"
"190","沫沫MHT","李洋[中国毛体书法艺术家协会会员]","2022-04-19 09:23"
"191","CHN_2023","李洋[中国毛体书法艺术家协会会员]","2022-02-13 21:50"
"192","ndhxbird512903","李洋[中国毛体书法艺术家协会会员]","2021-06-09 19:44"
"193","w_ou","李洋[中国毛体书法艺术家协会会员]","2021-03-28 14:08"
"194","许嵩萌内","李洋[中国毛体书法艺术家协会会员]","2020-05-10 15:25"
"195","贵霜行省","李洋[中国毛体书法艺术家协会会员]","2020-03-05 11:58"
"196","至尊宝2013","李洋[中国毛体书法艺术家协会会员]","2014-10-30 22:43"
"197","北京市书协","李洋[中国毛体书法艺术家协会会员]","2014-09-28 10:23"
"198","南国之南没有男","李洋[中国毛体书法艺术家协会会员]","2013-12-14 17:34"
"199","中国书画家知道","李洋[中国毛体书法艺术家协会会员]","2012-09-07 17:15"
"200","雷伊利课","李洋[邱爱华老公]","2021-10-27 12:58"
"201","ndhxbird512903","李洋[邱爱华老公]","2021-06-09 19:44"
"202","疯丫头等等我T","李洋[邱爱华老公]","2021-01-08 20:40"
"203","疯丫头等等我T","李洋[邱爱华老公]","2021-01-08 20:28"
"204","凌鸡行赢","李洋[邱爱华老公]","2016-05-22 19:42"
"205","微信红包头条","李洋[邱爱华老公]","2016-04-13 16:38"
"206","没啥意思啊摩羯","李洋[安徽农业大学计算机教师]","2024-01-12 12:14"
"207","0425KJK50","李洋[安徽农业大学计算机教师]","2023-02-07 12:54"
"208","一如既往11024","李洋[安徽农业大学计算机教师]","2021-11-28 15:18"
"209","ndhxbird512903","李洋[安徽农业大学计算机教师]","2021-06-09 19:44"
"210","w_ou","李洋[安徽农业大学计算机教师]","2021-03-27 12:06"
"211","漫舞华夏","李洋[安徽农业大学计算机教师]","2020-02-27 11:32"
"212","唯一的明帝","李洋[安徽农业大学计算机教师]","2016-04-12 22:28"
"213","盐汁油梨鸭","李洋[安徽农业大学计算机教师]","2015-08-19 18:34"
"214","wuyongpeng88","李洋[安徽农业大学计算机教师]","2015-08-12 19:23"
"215","雷虎的平方","李洋[安徽农业大学计算机教师]","2015-06-24 00:00"
"216","一起干奖品","李洋[安徽农业大学计算机教师]","2014-11-28 12:38"
"217","修行改变我人生","李洋[安徽农业大学计算机教师]","2014-03-28 08:43"
"218","墨wimk","李洋[跳台滑雪运动员]","2023-06-29 01:31"
"219","微风不堪回首","李洋[跳台滑雪运动员]","2023-05-13 20:33"
"220","小飛侠彼得·潘","李洋[跳台滑雪运动员]","2023-02-19 15:16"
"221","西柚苹果i","李洋[跳台滑雪运动员]","2023-02-03 23:14"
"222","钡盒焉醚地","李洋[跳台滑雪运动员]","2022-12-20 23:25"
"223","ndhxbird512903","李洋[跳台滑雪运动员]","2021-06-06 19:05"
"224","_Smile_e淡莣","李洋[跳台滑雪运动员]","2020-03-11 23:39"
"225","贵霜行省","李洋[跳台滑雪运动员]","2020-03-05 10:10"
"226","原谅盛装出席L","李洋[跳台滑雪运动员]","2015-04-15 22:41"
"227","li13432382304","李洋[跳台滑雪运动员]","2013-11-12 14:58"
"228","中国钱江源","李洋[跳台滑雪运动员]","2012-01-04 19:03"
"229","_leeweidong_","李洋[跳台滑雪运动员]","2011-05-05 23:13"
"230","吩竟爬藏辭擠jx","李洋[主持人]","2019-04-05 11:40"
"231","繞誠濁浪沽棵gu","李洋[主持人]","2019-03-25 09:02"
"232","金石为开318","李洋[主持人]","2019-03-16 15:39"
"233","竞争86","李洋[主持人]","2019-03-10 18:39"
"234","su...6@163.com","李洋[主持人]","2018-08-21 18:47"
"235","hwrm03","李洋[主持人]","2018-08-19 11:20"
"236","hwrm03","李洋[主持人]","2018-08-02 11:19"
"237","QC_MUYI","李洋[主持人]","2014-08-28 16:01"
"238","网视无忧","李洋[主持人]","2012-02-08 21:09"
"239","天空不作美女","李洋[新疆维吾尔自治区铁门关市政协原党组副书记、主席]","2024-03-24 02:21"
"240","不該有的結局","李洋[新疆维吾尔自治区铁门关市政协原党组副书记、主席]","2023-11-07 15:23"
"241","不該有的結局","李洋[新疆维吾尔自治区铁门关市政协原党组副书记、主席]","2023-10-19 08:18"
"242","1颗梅干","李洋[新疆维吾尔自治区铁门关市政协原党组副书记、主席]","2023-07-13 01:37"
"243","xcmaskma","李洋[新疆维吾尔自治区铁门关市政协原党组副书记、主席]","2021-02-17 21:58"
"244","xcmaskma","李洋[新疆维吾尔自治区铁门关市政协原党组副书记、主席]","2021-02-17 21:39"
"245","梦清川吧","李洋[新疆维吾尔自治区铁门关市政协原党组副书记、主席]","2020-06-25 22:15"
"246","香港小股神","李洋[新疆维吾尔自治区铁门关市政协原党组副书记、主席]","2019-05-06 13:46"
"247","七杀必丶","李洋[新疆维吾尔自治区铁门关市政协原党组副书记、主席]","2018-01-14 10:23"
"248","七杀必丶","李洋[新疆维吾尔自治区铁门关市政协原党组副书记、主席]","2018-01-13 11:23"
"249","一枚新人vip","李洋[新疆维吾尔自治区铁门关市政协原党组副书记、主席]","2015-07-15 14:15"
"250","fangdzsw","李洋[新疆维吾尔自治区铁门关市政协原党组副书记、主席]","2015-04-22 11:58"
"251","苦瓜烙","李洋[新疆维吾尔自治区铁门关市政协原党组副书记、主席]","2014-11-24 10:35"
"252","陕甘宁贤","李洋[新疆维吾尔自治区铁门关市政协原党组副书记、主席]","2012-11-02 20:24"
"253","哪有什么错与对","李洋[鲁迅美术学院书法家]","2024-04-05 11:09"
"254","h4...7@163.com","李洋[鲁迅美术学院书法家]","2023-08-06 15:55"
"255","一分钱郝甲桥","李洋[鲁迅美术学院书法家]","2023-08-02 17:00"
"256","CHN_2023","李洋[鲁迅美术学院书法家]","2022-02-13 21:48"
"257","CHN_2023","李洋[鲁迅美术学院书法家]","2022-01-25 21:42"
"258","涵宇Q","李洋[鲁迅美术学院书法家]","2021-12-03 19:41"
"259","米卡的猕猴桃啊","李洋[鲁迅美术学院书法家]","2021-10-17 17:13"
"260","w_ou","李洋[鲁迅美术学院书法家]","2018-07-03 18:58"
"261","北京市书协","李洋[鲁迅美术学院书法家]","2014-09-17 16:45"
"262","北京市书协","李洋[鲁迅美术学院书法家]","2014-09-05 15:48"
"263","古木居士","李洋[鲁迅美术学院书法家]","2013-05-10 15:08"
"264","_leeweidong_","李洋[鲁迅美术学院书法家]","2011-05-05 23:13"
"265","百度用户#08120357346811","李洋[叁贵国际签约男演员]","2023-05-12 07:33"
"266","阳光的阿尔巴斯","李洋[叁贵国际签约男演员]","2022-08-11 12:30"
"267","好运伴伴666","李洋[叁贵国际签约男演员]","2021-10-15 10:31"
"268","elainelqy38","李洋[叁贵国际签约男演员]","2021-07-27 17:35"
"269","170******66","李洋[叁贵国际签约男演员]","2021-06-01 21:50"
"270","w_ou","李洋[叁贵国际签约男演员]","2021-02-02 00:08"
"271","灬灬小仙女","李洋[叁贵国际签约男演员]","2020-03-31 13:28"
"272","金金金金金金妍","李洋[叁贵国际签约男演员]","2017-12-26 21:30"
"273","金金金金金金妍","李洋[叁贵国际签约男演员]","2017-12-26 21:25"
"274","dbb595","李洋[叁贵国际签约男演员]","2016-04-23 12:18"
"275","sederjean","李洋[叁贵国际签约男演员]","2016-04-22 19:15"
"276","嘉嘉女王_","李洋[叁贵国际签约男演员]","2016-04-21 17:04"
"277","d9181943","李洋[叁贵国际签约男演员]","2016-04-20 19:58"
"278","vugbn","李洋[叁贵国际签约男演员]","2016-03-24 20:16"
"279","杜镕辰","李洋[叁贵国际签约男演员]","2016-03-24 13:44"
"280","大河原穷袜","李洋[叁贵国际签约男演员]","2016-03-23 12:46"
"281","w_ou","李洋[叁贵国际签约男演员]","2016-03-02 16:15"
"282","热恋jcIP","李洋[叁贵国际签约男演员]","2016-03-02 12:56"
"283","120N","李洋[叁贵国际签约男演员]","2015-07-29 16:00"
"284","Arale_J_","李洋[叁贵国际签约男演员]","2014-05-07 10:20"
"285","叁贵国际传媒","李洋[叁贵国际签约男演员]","2014-03-19 14:02"
"286","小井胡同365","李洋[济南市曲艺家协会主席、济南市曲艺团党支部书记]","2024-05-17 14:49"
"287","小井胡同365","李洋[济南市曲艺家协会主席、济南市曲艺团党支部书记]","2024-05-14 08:40"
"288","冀有陉鲜事儿2","李洋[济南市曲艺家协会主席、济南市曲艺团党支部书记]","2024-03-27 17:30"
"289","校园帥","李洋[济南市曲艺家协会主席、济南市曲艺团党支部书记]","2023-07-06 17:10"
"290","春暖花开大晴天","李洋[济南市曲艺家协会主席、济南市曲艺团党支部书记]","2023-06-26 12:24"
"291","百科用户gIiogD","李洋[济南市曲艺家协会主席、济南市曲艺团党支部书记]","2023-06-25 11:09"
"292","机器猫xdq","李洋[济南市曲艺家协会主席、济南市曲艺团党支部书记]","2021-11-24 14:11"
"293","FM一9785","李洋[济南市曲艺家协会主席、济南市曲艺团党支部书记]","2021-09-26 18:36"
"294","一碗加糖饭","李洋[济南市曲艺家协会主席、济南市曲艺团党支部书记]","2021-07-27 00:34"
"295","风叶寄远","李洋[济南市曲艺家协会主席、济南市曲艺团党支部书记]","2021-07-25 12:59"
"296","风中奇缘885","李洋[济南市曲艺家协会主席、济南市曲艺团党支部书记]","2021-07-25 10:23"
"297","绿树叶222","李洋[济南市曲艺家协会主席、济南市曲艺团党支部书记]","2021-05-21 08:12"
"298","w_ou","李洋[济南市曲艺家协会主席、济南市曲艺团党支部书记]","2021-01-29 01:03"
"299","西柚苹果i","李洋[济南市曲艺家协会主席、济南市曲艺团党支部书记]","2019-08-15 17:24"
"300","可爱的尘世","李洋[济南市曲艺家协会主席、济南市曲艺团党支部书记]","2016-03-21 18:11"
"301","_hc20110606","李洋[济南市曲艺家协会主席、济南市曲艺团党支部书记]","2015-12-20 20:56"
"302","午夜DJJJJJ","李洋[济南市曲艺家协会主席、济南市曲艺团党支部书记]","2015-08-02 21:41"
"303","burgeon","李洋[济南市曲艺家协会主席、济南市曲艺团党支部书记]","2013-06-07 08:58"
"304","eyu88zy","李洋[济南市曲艺家协会主席、济南市曲艺团党支部书记]","2012-03-07 19:25"
"305","张之乾","李洋[济南市曲艺家协会主席、济南市曲艺团党支部书记]","2011-08-23 23:49"
"306","_leeweidong_","李洋[济南市曲艺家协会主席、济南市曲艺团党支部书记]","2011-05-05 23:13"
"307","城_time","李洋[职业画家]","2023-06-29 21:06"
"308","CHN_2023","李洋[职业画家]","2022-01-25 21:41"
"309","Mxxyzz","李洋[职业画家]","2021-11-30 21:37"
"310","嚭彬蔚","李洋[职业画家]","2020-11-22 10:57"
"311","北京市书协","李洋[职业画家]","2014-09-30 12:46"
"312","_leeweidong_","李洋[职业画家]","2011-05-05 23:13"
"313","w_ou","李洋[山东正之源律师事务律师]","2021-03-25 00:41"
"314","过客乙t","李洋[山东正之源律师事务律师]","2016-07-10 10:58"
"315","司小琪143","李洋[山东正之源律师事务律师]","2014-12-21 17:26"
"316","_leeweidong_","李洋[山东正之源律师事务律师]","2011-05-05 23:13"
"317","哪有什么错与对","李洋[演员、明星经纪人]","2024-04-22 08:10"
"318","宇林之歌","李洋[演员、明星经纪人]","2021-09-01 15:11"
"319","WfireflyW","李洋[演员、明星经纪人]","2021-07-28 20:59"
"320","杈涙墘馃巿","李洋[演员、明星经纪人]","2021-07-22 16:27"
"321","w_ou","李洋[演员、明星经纪人]","2021-01-29 13:21"
"322","玲珑570","李洋[演员、明星经纪人]","2020-07-17 10:11"
"323","BACDUIDBC","李洋[演员、明星经纪人]","2020-06-29 17:11"
"324","BACDUIDBC","李洋[演员、明星经纪人]","2020-06-27 17:24"
"325","BACDUIDBC","李洋[演员、明星经纪人]","2020-06-27 10:16"
"326","BACDUIDBC","李洋[演员、明星经纪人]","2020-06-26 16:24"
"327","百科发烧粉","李洋[演员、明星经纪人]","2020-06-06 20:45"
"328","我形我塑___","李洋[演员、明星经纪人]","2020-06-05 18:02"
"329","我形我塑___","李洋[演员、明星经纪人]","2020-06-04 19:11"
"330","li...1@163.com","李洋[演员、明星经纪人]","2020-05-17 10:21"
"331","xgvvuzws828879","李洋[演员、明星经纪人]","2020-04-21 16:39"
"332","1132guai","李洋[演员、明星经纪人]","2013-08-01 08:47"
"333","百科超级ROBOT","李洋[演员、明星经纪人]","2013-05-27 14:18"
"334","超强志兴","李洋[演员、明星经纪人]","2012-11-28 09:01"
"335","大宝我最爱","李洋[演员、明星经纪人]","2012-11-27 22:37"
"336","sw9id0","李洋[徐州籍拳击运动员]","2023-06-26 18:12"
"337","浅笑眉语间","李洋[徐州籍拳击运动员]","2023-05-08 23:48"
"338","西柚苹果i","李洋[徐州籍拳击运动员]","2023-02-04 17:48"
"339","Hq49fe1M群","李洋[徐州籍拳击运动员]","2022-12-20 20:33"
"340","w_ou","李洋[徐州籍拳击运动员]","2021-01-31 02:27"
"341","嚭彬蔚","李洋[徐州籍拳击运动员]","2020-11-22 11:01"
"342","志龙的小胜利","李洋[徐州籍拳击运动员]","2020-04-15 13:16"
"343","wind386","李洋[徐州籍拳击运动员]","2018-08-29 16:35"
"344","feihu528","李洋[徐州籍拳击运动员]","2017-04-06 15:45"
"345","feihu528","李洋[徐州籍拳击运动员]","2017-04-01 09:28"
"346","feihu528","李洋[徐州籍拳击运动员]","2017-03-31 09:36"
"347","feihu528","李洋[徐州籍拳击运动员]","2017-03-30 14:37"
"348","feihu528","李洋[徐州籍拳击运动员]","2017-03-29 15:28"
"349","雷虎的平方","李洋[徐州籍拳击运动员]","2015-06-23 23:59"
"350","話說當年","李洋[徐州籍拳击运动员]","2014-12-19 17:55"
"351","快乐T吧","李洋[徐州籍拳击运动员]","2014-12-06 12:40"
"352","WANGHANLIN32","李洋[徐州籍拳击运动员]","2014-11-15 14:32"
"353","wind386","李洋[徐州籍拳击运动员]","2014-01-31 11:48"
"354","梦想依然的春天","李洋[徐州籍拳击运动员]","2013-12-19 16:59"
"355","helvite","李洋[徐州籍拳击运动员]","2013-11-20 18:25"
"356","_leeweidong_","李洋[徐州籍拳击运动员]","2011-05-05 23:13"
"357","青青的麦田year","李洋[荆门市安全生产执法监察支队支队长]","2023-10-27 18:48"
"358","zhangjunpan007","李洋[荆门市安全生产执法监察支队支队长]","2017-01-26 10:40"
"359","ybfj355atf","李洋[纹绣技术培训导师]","2019-01-23 11:11"
"360","ゞ飘♀","李洋[纹绣技术培训导师]","2015-08-20 13:01"
"361","dcy777","李洋[纹绣技术培训导师]","2015-08-13 23:14"
"362","萧忆靖澈","李洋[纹绣技术培训导师]","2015-07-19 09:48"
"363","qw正","李洋[纹绣技术培训导师]","2014-12-19 15:07"
"364","w_ou","李洋[纹绣技术培训导师]","2012-12-20 01:17"
"365","w_ou","李洋[纹绣技术培训导师]","2012-06-26 02:17"
"366","_leeweidong_","李洋[纹绣技术培训导师]","2011-05-05 23:13"
"367","152******37","李洋[守门员教练]","2023-04-07 11:07"
"368","Similarity_","李洋[守门员教练]","2023-01-22 07:40"
"369","场3qfy地_","李洋[守门员教练]","2022-11-28 15:59"
"370","w_ou","李洋[守门员教练]","2021-01-28 12:32"
"371","wujinmiao123","李洋[守门员教练]","2020-03-19 21:00"
"372","wujinmiao123","李洋[守门员教练]","2020-03-12 14:20"
"373","网络专线","李洋[守门员教练]","2020-02-19 17:01"
"374","wuyanjie87","李洋[守门员教练]","2017-08-08 20:45"
"375","v小小人","李洋[守门员教练]","2016-01-17 18:12"
"376","lgyork","李洋[守门员教练]","2015-12-12 20:01"
"377","小井胡同365","李洋[守门员教练]","2015-10-01 21:57"
"378","士珊叭侠释粮","李洋[团北京市崇文区委龙潭街道工委副书记]","2024-04-16 19:44"
"379","天津一标阀门0","李洋[团北京市崇文区委龙潭街道工委副书记]","2016-10-04 14:49"
"380","baichao0627","李洋[湖北大学生命科学学院讲师]","2023-11-21 22:22"
"381","w_ou","李洋[湖北大学生命科学学院讲师]","2021-03-27 17:46"
"382","居四鼠","李洋[湖北大学生命科学学院讲师]","2020-05-31 20:36"
"383","v小小人","李洋[湖北大学生命科学学院讲师]","2016-01-20 00:11"
"384","来自冥王星的她","李洋[湖北大学生命科学学院讲师]","2015-12-11 17:44"
"385","我宥我精彩","李洋[湖北大学生命科学学院讲师]","2015-08-30 17:25"
"386","bschoolk","李洋[湖北大学生命科学学院讲师]","2014-11-24 21:12"
"387","雷伊利课","李洋[长江商学院市场营销学助理教授]","2021-10-27 08:12"
"388","w_ou","李洋[长江商学院市场营销学助理教授]","2021-01-30 15:26"
"389","東在你身邊","李洋[长江商学院市场营销学助理教授]","2020-09-15 14:12"
"390","cauchy7203","李洋[长江商学院市场营销学助理教授]","2020-07-03 12:59"
"391","w_ou","李洋[长江商学院市场营销学助理教授]","2018-08-16 14:03"
"392","留__手","李洋[长江商学院市场营销学助理教授]","2016-01-24 14:17"
"393","tag糖糖","李洋[长江商学院市场营销学助理教授]","2015-12-12 08:16"
"394","pkuman","李洋[长江商学院市场营销学助理教授]","2015-04-25 18:41"
"395","aka卡布达121","李洋[山西长治市纪委案件审理室主任]","2024-04-06 11:50"
"396","紫雪510","李洋[山西长治市纪委案件审理室主任]","2016-03-22 01:59"
"397","王远江0857","李洋[中国男子射击运动员]","2023-05-26 08:05"
"398","飞熊李李","李洋[中国男子射击运动员]","2023-04-06 21:26"
"399","美好明天2525","李洋[中国男子射击运动员]","2021-11-17 15:23"
"400","雷伊利课","李洋[中国男子射击运动员]","2021-11-13 10:21"
"401","w_ou","李洋[中国男子射击运动员]","2021-02-02 03:31"
"402","帝国戦士","李洋[中国男子射击运动员]","2015-07-26 15:23"
"403","捕风恋影","李洋[中国男子射击运动员]","2014-06-28 10:07"
"404","霹雳七星","李洋[中国男子射击运动员]","2012-11-19 09:28"
"405","w_ou","李洋[中国男子射击运动员]","2012-07-31 11:54"
"406","十分音付","李洋[中国男子射击运动员]","2011-10-30 20:08"
"407","十分音付","李洋[中国男子射击运动员]","2011-05-15 16:10"
"408","_leeweidong_","李洋[中国男子射击运动员]","2011-05-05 23:13"
"409","看笔走龙蛇","李洋[中国内地男演员]","2018-07-09 20:27"
"410","wenlee019","李洋[中国内地男演员]","2017-11-30 15:58"
"411","64年的大叔汀","李洋[中国内地男演员]","2017-11-27 17:07"
"412","雷霆洛起","李洋[中国内地男演员]","2017-08-15 10:32"
"413","冷魄year","李洋[中国内地男演员]","2017-07-14 21:06"
"414","雪绒花荣","李洋[中国内地男演员]","2017-06-22 21:19"
"415","雪绒花荣","李洋[中国内地男演员]","2017-05-28 10:19"
"416","雷霆洛起","李洋[中国内地男演员]","2017-03-17 08:38"
"417","峰是白色的","李洋[中国内地男演员]","2017-01-18 19:56"
"418","HWAXA0qN","李洋[中国内地男演员]","2016-10-01 21:12"
"419","gy199108","李洋[中国内地男演员]","2016-09-04 05:23"
"420","yuki珏","李洋[中国内地男演员]","2016-08-30 21:37"
"421","雪绒花荣","李洋[中国内地男演员]","2016-08-24 16:06"
"422","1坐看流星划落3","李洋[中国内地男演员]","2016-04-20 16:21"
"423","极寒2","李洋[中国内地男演员]","2016-03-29 14:01"
"424","w_ou","李洋[中国内地男演员]","2016-03-02 16:16"
"425","木兮04387","李洋[中国内地男演员]","2016-03-02 12:58"
"426","xunshuangfei","李洋[中国内地男演员]","2016-01-08 10:27"
"427","xunshuangfei","李洋[中国内地男演员]","2015-12-17 18:09"
"428","學會—忘記","李洋[中国内地男演员]","2015-12-14 19:24"
"429","xunshuangfei","李洋[中国内地男演员]","2015-12-09 18:17"
"430","xunshuangfei","李洋[中国内地男演员]","2015-12-07 11:07"
"431","xunshuangfei","李洋[中国内地男演员]","2015-12-06 20:31"
"432","xunshuangfei","李洋[中国内地男演员]","2015-12-04 09:11"
"433","xunshuangfei","李洋[中国内地男演员]","2015-11-19 17:46"
"434","许嵩萌内","李洋[中央美术学院教师]","2023-07-13 18:08"
"435","百度用户#08120260245692","李洋[中央美术学院教师]","2023-04-23 22:09"
"436","Jo64kx9","李洋[中央美术学院教师]","2023-03-20 14:13"
"437","灵辩南归","李洋[中央美术学院教师]","2023-01-08 21:18"
"438","阿妧云","李洋[中央美术学院教师]","2022-11-25 08:00"
"439","助人为乐261","李洋[中央美术学院教师]","2021-11-23 12:45"
"440","北京市书协","李洋[中央美术学院教师]","2018-01-04 10:16"
"441","QQ858158603","李洋[中央美术学院教师]","2016-02-11 17:10"
"442","二斯是你哥","李洋[绍兴震元集团干部]","2015-07-30 14:31"
"443","哇无语嘎","李洋[绍兴震元集团干部]","2014-12-26 20:48"
"444","_leeweidong_","李洋[绍兴震元集团干部]","2011-05-05 23:13"
"445","0零度的风","李洋[清朝纳西族诗人]","2023-06-17 21:09"
"446","涼城依旧","李洋[清朝纳西族诗人]","2023-04-28 08:25"
"447","慧么么929","李洋[清朝纳西族诗人]","2021-12-02 08:23"
"448","w_ou","李洋[清朝纳西族诗人]","2019-05-27 21:12"
"449","w_ou","李洋[清朝纳西族诗人]","2018-08-15 16:56"
"450","嗷嗷嗷啊时代","李洋[清朝纳西族诗人]","2015-12-13 16:21"
"451","嗷嗷嗷啊时代","李洋[清朝纳西族诗人]","2015-12-13 16:01"
"452","种蘑菇的提莫1","李洋[清朝纳西族诗人]","2015-07-26 18:27"
"453","唐艺璇天蝎","李洋[清朝纳西族诗人]","2014-07-22 10:53"
"454","枫涞","李洋[清朝纳西族诗人]","2014-07-22 10:09"
"455","lubianshe1","李洋[清朝纳西族诗人]","2014-06-09 06:22"
"456","hprg44","李洋[西北大学新闻传播学院副教授]","2023-01-07 20:44"
"457","w_ou","李洋[西北大学新闻传播学院副教授]","2021-01-31 17:06"
"458","嚭彬蔚","李洋[西北大学新闻传播学院副教授]","2020-11-22 11:01"
"459","du泡芙","李洋[西北大学新闻传播学院副教授]","2020-02-10 16:50"
"460","fastwalk","李洋[西北大学新闻传播学院副教授]","2020-01-17 17:34"
"461","Jerry_0406","李洋[西北大学新闻传播学院副教授]","2019-11-02 15:32"
"462","加勒比海带22","李洋[西北大学新闻传播学院副教授]","2017-07-17 22:25"
"463","zbc012304045","李洋[西北大学新闻传播学院副教授]","2017-04-29 21:45"
"464","bingxsb","李洋[西北大学新闻传播学院副教授]","2017-03-12 13:00"
"465","青青的麦田year","李洋[南宁三中地理教师]","2024-02-20 18:52"
"466","lfg19654","李洋[南宁三中地理教师]","2021-12-06 16:35"
"467","w_ou","李洋[南宁三中地理教师]","2021-03-28 00:03"
"468","青猫朗朗","李洋[南宁三中地理教师]","2017-04-11 14:36"
"469","yangzhemin12","李洋[台州市玉环县纪委党风室副主任]","2020-02-27 08:48"
"470","ttt45412","李洋[台州市玉环县纪委党风室副主任]","2018-06-07 20:44"
"471","ITSATENG","李洋[台州市玉环县纪委党风室副主任]","2017-07-04 16:19"
"472","ITSATENG","李洋[台州市玉环县纪委党风室副主任]","2017-07-04 07:15"
"473","lfg19654","李洋[feekr旅行创始人]","2021-12-06 20:15"
"474","w_ou","李洋[feekr旅行创始人]","2021-01-30 21:22"
"475","嘿哈84","李洋[feekr旅行创始人]","2018-05-28 18:38"
"476","嘿哈84","李洋[feekr旅行创始人]","2018-05-23 14:31"
"477","天津一标阀门21","李洋[feekr旅行创始人]","2017-08-26 15:52"
"478","末里为未","李洋[山东农业大学植物保护学院讲师]","2021-05-24 07:26"
"479","w_ou","李洋[山东农业大学植物保护学院讲师]","2021-03-31 19:29"
"480","射手四川人","李洋[山东农业大学植物保护学院讲师]","2017-09-17 13:51"
"481","xcmaskma","李洋[原贵州省道路运输局党委委员、副局长]","2024-01-15 18:58"
"482","0零度的风","李洋[原贵州省道路运输局党委委员、副局长]","2023-03-29 15:06"
"483","格斗天王2046","李洋[原贵州省道路运输局党委委员、副局长]","2019-11-07 14:29"
"484","天蝎说好的等我","李洋[原贵州省道路运输局党委委员、副局长]","2017-12-11 12:40"
"485","飞熊李李","李洋[四川师范大学副教授，硕士研究生导师]","2023-07-13 19:40"
"486","sporting雍谏酱","李洋[四川师范大学副教授，硕士研究生导师]","2023-01-06 18:41"
"487","苛卜渴","李洋[四川师范大学副教授，硕士研究生导师]","2021-12-23 22:25"
"488","雷伊利课","李洋[四川师范大学副教授，硕士研究生导师]","2021-10-26 12:35"
"489","w_ou","李洋[四川师范大学副教授，硕士研究生导师]","2021-03-26 04:18"
"490","射手四川人","李洋[四川师范大学副教授，硕士研究生导师]","2018-01-01 11:08"
"491","射手四川人","李洋[四川师范大学副教授，硕士研究生导师]","2018-01-01 10:13"
"492","射手四川人","李洋[四川师范大学副教授，硕士研究生导师]","2017-12-31 13:05"
"493","第一夜蔷薇66","李洋[南京师范大学法学院教授]","2024-06-11 09:04"
"494","1127wyf","李洋[南京师范大学法学院教授]","2024-05-13 13:28"
"495","万万万yeahyeah","李洋[南京师范大学法学院教授]","2023-08-22 14:01"
"496","万万万yeahyeah","李洋[南京师范大学法学院教授]","2023-08-21 14:08"
"497","w_ou","李洋[南京师范大学法学院教授]","2021-10-09 14:22"
"498","w_ou","李洋[南京师范大学法学院教授]","2021-07-10 02:07"
"499","w_ou","李洋[南京师范大学法学院教授]","2021-02-02 17:17"
"500","骑母猪闯高速","李洋[南京师范大学法学院教授]","2019-12-01 17:20"
"501","黄春禾","李洋[南京师范大学法学院教授]","2018-01-16 15:58"
"502","屋角的落寞LOVE","李洋[郑州天后医疗美容医院医生]","2024-05-05 16:17"
"503","lubinasd","李洋[郑州天后医疗美容医院医生]","2023-08-19 18:45"
"504","lubinasd","李洋[郑州天后医疗美容医院医生]","2023-08-15 20:27"
"505","lubinasd","李洋[郑州天后医疗美容医院医生]","2023-06-28 18:49"
"506","冷魄year","李洋[郑州天后医疗美容医院医生]","2023-03-24 22:20"
"507","百科用户JdQ2pw","李洋[郑州天后医疗美容医院医生]","2023-03-17 12:34"
"508","百科用户JdQ2pw","李洋[郑州天后医疗美容医院医生]","2023-03-13 15:36"
"509","百科用户JdQ2pw","李洋[郑州天后医疗美容医院医生]","2023-03-09 10:49"
"510","百科用户F7EJox","李洋[郑州天后医疗美容医院医生]","2022-12-23 10:09"
"511","百科用户JdQ2pw","李洋[郑州天后医疗美容医院医生]","2022-08-23 15:36"
"512","百科用户JdQ2pw","李洋[郑州天后医疗美容医院医生]","2022-08-06 20:24"
"513","百科用户JdQ2pw","李洋[郑州天后医疗美容医院医生]","2022-07-28 11:16"
"514","XIAOJIA062202","李洋[郑州天后医疗美容医院医生]","2022-07-21 14:10"
"515","w_ou","李洋[郑州天后医疗美容医院医生]","2021-01-26 12:19"
"516","华玓","李洋[郑州天后医疗美容医院医生]","2021-01-12 19:08"
"517","Good丶Hao","李洋[郑州天后医疗美容医院医生]","2020-03-02 13:02"
"518","XIAOJIA062202","李洋[郑州天后医疗美容医院医生]","2018-01-25 15:20"
"519","四方小区","李洋[郑州天后医疗美容医院医生]","2018-01-17 10:01"
"520","四方小区","李洋[郑州天后医疗美容医院医生]","2018-01-16 10:19"
"521","z1002724259","李洋[小学高级教师]","2023-02-22 22:58"
"522","堕落小胖墩","李洋[小学高级教师]","2022-01-01 19:25"
"523","w_ou","李洋[小学高级教师]","2021-03-28 02:45"
"524","bjtxdj","李洋[小学高级教师]","2020-04-15 16:39"
"525","始于两载前","李洋[小学高级教师]","2018-07-06 11:19"
"526","见面身局促","李洋[小学高级教师]","2018-06-29 20:32"
"527","见面身局促","李洋[小学高级教师]","2018-06-29 19:27"
"528","雷蛇汉斯布鲁","李洋[辽宁省盘锦市双台子区人民政府副区长]","2024-03-21 14:39"
"529","雷蛇汉斯布鲁","李洋[辽宁省盘锦市双台子区人民政府副区长]","2024-03-11 00:29"
"530","0425KJK5","李洋[辽宁省盘锦市双台子区人民政府副区长]","2023-05-27 16:56"
"531","b451706011","李洋[辽宁省盘锦市双台子区人民政府副区长]","2023-05-23 17:32"
"532","lllj119","李洋[辽宁省盘锦市双台子区人民政府副区长]","2023-05-22 16:47"
"533","小妖孽030","李洋[辽宁省盘锦市双台子区人民政府副区长]","2023-02-03 16:16"
"534","天狼南极星","李洋[辽宁省盘锦市双台子区人民政府副区长]","2021-11-24 11:14"
"535","雷蛇汉斯布鲁","李洋[辽宁省盘锦市双台子区人民政府副区长]","2021-07-22 16:43"
"536","雷蛇汉斯布鲁","李洋[辽宁省盘锦市双台子区人民政府副区长]","2021-07-18 11:09"
"537","阿尔法罗密欧RT","李洋[辽宁省盘锦市双台子区人民政府副区长]","2018-11-28 13:47"
"538","城_time","李洋[浙江省台州市临海市大田街道党工委委员、纪工委书记]","2021-11-07 21:42"
"539","hebei15922","李洋[浙江省台州市临海市大田街道党工委委员、纪工委书记]","2021-09-20 10:19"
"540","ttwy39","李洋[浙江省台州市临海市大田街道党工委委员、纪工委书记]","2020-09-25 10:38"
"541","百科用户EGCjb2","李洋[浙江省台州市临海市大田街道党工委委员、纪工委书记]","2019-01-08 14:41"
"542","greatbupt","李洋[网络安全与信息化专家]","2022-05-10 11:53"
"543","嚭彬蔚","李洋[网络安全与信息化专家]","2020-11-22 11:02"
"544","chenxin_keyan","李洋[网络安全与信息化专家]","2020-05-23 20:28"
"545","a小思绪SECRET","李洋[网络安全与信息化专家]","2020-04-17 19:37"
"546","赵ZX158","李洋[网络安全与信息化专家]","2020-04-16 16:37"
"547","爱叶子花","李洋[网络安全与信息化专家]","2019-08-13 16:52"
"548","BSU李明威","李洋[网络安全与信息化专家]","2019-07-31 19:55"
"549","爱叶子花","李洋[网络安全与信息化专家]","2019-06-18 23:24"
"550","爱叶子花","李洋[网络安全与信息化专家]","2019-06-13 20:57"
"551","爱叶子花","李洋[网络安全与信息化专家]","2019-05-09 16:42"
"552","爱叶子花","李洋[网络安全与信息化专家]","2019-05-08 11:02"
"553","kuangmzhuj","李洋[中央美术学院教授、博士生导师]","2023-05-16 22:10"
"554","磨掉的风雨003","李洋[中央美术学院教授、博士生导师]","2023-05-01 15:37"
"555","乐迷马克","李洋[中央美术学院教授、博士生导师]","2021-06-01 21:51"
"556","w_ou","李洋[中央美术学院教授、博士生导师]","2021-01-30 10:24"
"557","默伢伢","李洋[中央美术学院教授、博士生导师]","2019-08-09 18:01"
"558","安蓓婧鳕","李洋[重庆大学经济与工商管理学院实验师]","2023-01-05 15:55"
"559","路肩菌","李洋[重庆大学经济与工商管理学院实验师]","2021-07-27 09:56"
"560","w_ou","李洋[重庆大学经济与工商管理学院实验师]","2021-01-31 15:09"
"561","志龙的小胜利","李洋[重庆大学经济与工商管理学院实验师]","2020-02-26 23:32"
"562","椿兮如霖","李洋[重庆大学经济与工商管理学院实验师]","2019-08-18 09:48"
"563","椿兮如霖","李洋[重庆大学经济与工商管理学院实验师]","2019-08-18 09:06"
"564","快到碗里来0304","李洋[海南大学教师]","2023-01-07 10:14"
"565","北辰以北1209","李洋[海南大学教师]","2022-04-05 19:16"
"566","closeIdo","李洋[海南大学教师]","2021-10-28 18:56"
"567","w_ou","李洋[海南大学教师]","2021-01-29 17:27"
"568","Bobo很年轻","李洋[海南大学教师]","2019-08-26 21:14"
"569","Bobo很年轻","李洋[海南大学教师]","2019-08-21 13:46"
"570","青青的麦田year","李洋[中国移动吉林公司网优中心无线优化分析管理]","2024-02-20 20:48"
"571","松岩柏和","李洋[中国移动吉林公司网优中心无线优化分析管理]","2021-01-06 20:23"
"572","hbtmpengjin","李洋[中国移动吉林公司网优中心无线优化分析管理]","2019-09-10 07:43"
"573","不爱吃泡面66","李洋[陕西省神木中学教师]","2023-01-19 11:03"
"574","开心就好1762","李洋[陕西省神木中学教师]","2021-12-14 11:45"
"575","w_ou","李洋[陕西省神木中学教师]","2021-03-26 13:08"
"576","mary200366","李洋[陕西省神木中学教师]","2021-01-08 21:42"
"577","小浪花朵朵开","李洋[陕西省神木中学教师]","2019-09-13 08:30"
"578","caldkaf","李洋[天津市大学软件学院党委委员、纪委书记]","2021-03-05 08:28"
"579","caldkaf","李洋[天津市大学软件学院党委委员、纪委书记]","2021-03-04 23:17"
"580","w_ou","李洋[天津市大学软件学院党委委员、纪委书记]","2021-01-29 15:18"
"581","chenlei_263","李洋[天津市大学软件学院党委委员、纪委书记]","2020-03-20 21:38"
